{"api_calls": 2, "minute_calls": 2, "hour_calls": 2, "last_reset": 1743157288.267642, "last_minute_reset": 1743157762.429799, "last_hour_reset": 1743157288.267642}