{"api_calls": 4, "minute_calls": 2, "hour_calls": 4, "last_reset": 1743157288.267642, "last_minute_reset": 1743159382.6707342, "last_hour_reset": 1743157288.267642}